Gly,GGC,22.5
Gly,GGA,16.4
Gly,GGT,10.8
Gly,GGG,16.6
Glu,GAA,28.6
Glu,GAG,39.7
Asp,GAT,21.7
Asp,GAC,25.2
Val,GTT,11.0
Val,GTC,14.6
Val,GTA,7.1
Val,GTG,28.3
Ala,GCT,18.5
Ala,GCC,28.1
Ala,GCA,15.9
Ala,GCG,7.5
Arg,CGT,4.6
Arg,CGC,10.6
Arg,CGA,6.2
Arg,CGG,11.6
Arg,AGA,11.9
Arg,AGG,11.9
Ser,TCT,15.0
Ser,TCC,17.7
Ser,TCA,12.1
Ser,TCG,4.5
Ser,AGT,12.1
Ser,AGC,19.5
Lys,AAA,24.1
Lys,AAG,32.0
Asn,AAT,16.7
Asn,AAC,19.0
Met,ATG,22.0
Ile,ATT,15.8
Ile,ATC,20.9
Ile,ATA,7.4
Thr,ACT,13.0
Thr,ACC,19.0
Thr,ACA,15.0
Thr,ACG,6.1
Trp,TGG,13.3
End,TAA,1.1
End,TGA,1.6
End,TAG,0.8
Cys,TGT,10.5
Cys,TGC,12.6
Tyr,TAT,12.1
Tyr,TAC,15.3
Leu,TTA,7.5
Leu,TTG,12.8
Leu,CTT,13.1
Leu,CTC,19.7
Leu,CTA,7.1
Leu,CTG,39.9
Phe,TTT,17.4
Phe,TTC,20.4
Pro,CCT,17.5
His,CAT,10.8
Pro,CCC,20.0
His,CAC,15.1
Pro,CCA,16.9
Gln,CAA,12.1
Pro,CCG,7.0
Gln,CAG,34.3
